BANDID,MAC1,IP1,PORT1,MAC2,IP2,PORT2,MAC3,IP3,PORT3,MAC4,IP4,PORT4,MAC5,IP5,PORT5,MAC6,IP6,PORT6,MAC7,IP7,PORT7,MAC8,IP8,PORT8,MAC9,IP9,PORT9,MAC10,IP10,PORT10,MAC11,IP11,PORT11,MAC12,IP12,PORT12,MAC13,IP13,PORT13,MAC14,IP14,PORT14,MAC15,IP15,PORT15,MAC16,IP16,PORT16,MAC17,IP17,PORT17,MAC18,IP18,PORT18,MAC19,IP19,PORT19,MAC20,IP20,PORT20,MAC21,IP21,PORT21,MAC22,IP22,PORT22,MAC23,IP23,PORT23,MAC24,IP24,PORT24,MAC25,IP25,PORT25,MAC26,IP26,PORT26,MAC27,IP27,PORT27,MAC28,IP28,PORT28,MAC29,IP29,PORT29,MAC30,IP30,PORT30,MAC31,IP31,PORT31,MAC32,IP32,PORT32,MAC33,IP33,PORT33,MAC34,IP34,PORT34,MAC35,IP35,PORT35,MAC36,IP36,PORT36
0,0x020000000000,00.00.0.0,00000,0x020000000000,00.00.0.0,00000,0x020000000000,00.00.0.0,00000,0x020000000000,00.00.0.0,00000,0x020000000000,00.00.0.0,00000,0x020000000000,00.00.0.0,00000,0x020000000000,00.00.0.0,00000,0x020000000000,00.00.0.0,00000,0x020000000000,00.00.0.0,00000,0x020000000000,00.00.0.0,00000,0x020000000000,00.00.0.0,00000,0x020000000000,00.00.0.0,00000,0x020000000000,00.00.0.0,00000,0x020000000000,00.00.0.0,00000,0x020000000000,00.00.0.0,00000,0x020000000000,00.00.0.0,00000,0x020000000000,00.00.0.0,00000,0x020000000000,00.00.0.0,00000,0x020000000000,00.00.0.0,00000,0x020000000000,00.00.0.0,00000,0x020000000000,00.00.0.0,00000,0x020000000000,00.00.0.0,00000,0x020000000000,00.00.0.0,00000,0x020000000000,00.00.0.0,00000,0x020000000000,00.00.0.0,00000,0x020000000000,00.00.0.0,00000,0x020000000000,00.00.0.0,00000,0x020000000000,00.00.0.0,00000,0x020000000000,00.00.0.0,00000,0x020000000000,00.00.0.0,00000,0x020000000000,00.00.0.0,00000,0x020000000000,00.00.0.0,00000,0x020000000000,00.00.0.0,00000,0x020000000000,00.00.0.0,00000,0x020000000000,00.00.0.0,00000,0x020000000000,00.00.0.0,00000
1,0x020000000000,00.00.0.0,00000,0x020000000000,00.00.0.0,00000,0x020000000000,00.00.0.0,00000,0x020000000000,00.00.0.0,00000,0x020000000000,00.00.0.0,00000,0x020000000000,00.00.0.0,00000,0x020000000000,00.00.0.0,00000,0x020000000000,00.00.0.0,00000,0x020000000000,00.00.0.0,00000,0x020000000000,00.00.0.0,00000,0x020000000000,00.00.0.0,00000,0x020000000000,00.00.0.0,00000,0x020000000000,00.00.0.0,00000,0x020000000000,00.00.0.0,00000,0x020000000000,00.00.0.0,00000,0x020000000000,00.00.0.0,00000,0x020000000000,00.00.0.0,00000,0x020000000000,00.00.0.0,00000,0x020000000000,00.00.0.0,00000,0x020000000000,00.00.0.0,00000,0x020000000000,00.00.0.0,00000,0x020000000000,00.00.0.0,00000,0x020000000000,00.00.0.0,00000,0x020000000000,00.00.0.0,00000,0x020000000000,00.00.0.0,00000,0x020000000000,00.00.0.0,00000,0x020000000000,00.00.0.0,00000,0x020000000000,00.00.0.0,00000,0x020000000000,00.00.0.0,00000,0x020000000000,00.00.0.0,00000,0x020000000000,00.00.0.0,00000,0x020000000000,00.00.0.0,00000,0x020000000000,00.00.0.0,00000,0x020000000000,00.00.0.0,00000,0x020000000000,00.00.0.0,00000,0x020000000000,00.00.0.0,00000
2,0x020000000000,00.00.0.0,00000,0x020000000000,00.00.0.0,00000,0x020000000000,00.00.0.0,00000,0x020000000000,00.00.0.0,00000,0x020000000000,00.00.0.0,00000,0x020000000000,00.00.0.0,00000,0x020000000000,00.00.0.0,00000,0x020000000000,00.00.0.0,00000,0x020000000000,00.00.0.0,00000,0x020000000000,00.00.0.0,00000,0x020000000000,00.00.0.0,00000,0x020000000000,00.00.0.0,00000,0x020000000000,00.00.0.0,00000,0x020000000000,00.00.0.0,00000,0x020000000000,00.00.0.0,00000,0x020000000000,00.00.0.0,00000,0x020000000000,00.00.0.0,00000,0x020000000000,00.00.0.0,00000,0x020000000000,00.00.0.0,00000,0x020000000000,00.00.0.0,00000,0x020000000000,00.00.0.0,00000,0x020000000000,00.00.0.0,00000,0x020000000000,00.00.0.0,00000,0x020000000000,00.00.0.0,00000,0x020000000000,00.00.0.0,00000,0x020000000000,00.00.0.0,00000,0x020000000000,00.00.0.0,00000,0x020000000000,00.00.0.0,00000,0x020000000000,00.00.0.0,00000,0x020000000000,00.00.0.0,00000,0x020000000000,00.00.0.0,00000,0x020000000000,00.00.0.0,00000,0x020000000000,00.00.0.0,00000,0x020000000000,00.00.0.0,00000,0x020000000000,00.00.0.0,00000,0x020000000000,00.00.0.0,00000
3,0x020000000000,00.00.0.0,00000,0x020000000000,00.00.0.0,00000,0x020000000000,00.00.0.0,00000,0x020000000000,00.00.0.0,00000,0x020000000000,00.00.0.0,00000,0x020000000000,00.00.0.0,00000,0x020000000000,00.00.0.0,00000,0x020000000000,00.00.0.0,00000,0x020000000000,00.00.0.0,00000,0x020000000000,00.00.0.0,00000,0x020000000000,00.00.0.0,00000,0x020000000000,00.00.0.0,00000,0x020000000000,00.00.0.0,00000,0x020000000000,00.00.0.0,00000,0x020000000000,00.00.0.0,00000,0x020000000000,00.00.0.0,00000,0x020000000000,00.00.0.0,00000,0x020000000000,00.00.0.0,00000,0x020000000000,00.00.0.0,00000,0x020000000000,00.00.0.0,00000,0x020000000000,00.00.0.0,00000,0x020000000000,00.00.0.0,00000,0x020000000000,00.00.0.0,00000,0x020000000000,00.00.0.0,00000,0x020000000000,00.00.0.0,00000,0x020000000000,00.00.0.0,00000,0x020000000000,00.00.0.0,00000,0x020000000000,00.00.0.0,00000,0x020000000000,00.00.0.0,00000,0x020000000000,00.00.0.0,00000,0x020000000000,00.00.0.0,00000,0x020000000000,00.00.0.0,00000,0x020000000000,00.00.0.0,00000,0x020000000000,00.00.0.0,00000,0x020000000000,00.00.0.0,00000,0x020000000000,00.00.0.0,00000
4,0x020000000000,00.00.0.0,00000,0x020000000000,00.00.0.0,00000,0x020000000000,00.00.0.0,00000,0x020000000000,00.00.0.0,00000,0x020000000000,00.00.0.0,00000,0x020000000000,00.00.0.0,00000,0x020000000000,00.00.0.0,00000,0x020000000000,00.00.0.0,00000,0x020000000000,00.00.0.0,00000,0x020000000000,00.00.0.0,00000,0x020000000000,00.00.0.0,00000,0x020000000000,00.00.0.0,00000,0x020000000000,00.00.0.0,00000,0x020000000000,00.00.0.0,00000,0x020000000000,00.00.0.0,00000,0x020000000000,00.00.0.0,00000,0x020000000000,00.00.0.0,00000,0x020000000000,00.00.0.0,00000,0x020000000000,00.00.0.0,00000,0x020000000000,00.00.0.0,00000,0x020000000000,00.00.0.0,00000,0x020000000000,00.00.0.0,00000,0x020000000000,00.00.0.0,00000,0x020000000000,00.00.0.0,00000,0x020000000000,00.00.0.0,00000,0x020000000000,00.00.0.0,00000,0x020000000000,00.00.0.0,00000,0x020000000000,00.00.0.0,00000,0x020000000000,00.00.0.0,00000,0x020000000000,00.00.0.0,00000,0x020000000000,00.00.0.0,00000,0x020000000000,00.00.0.0,00000,0x020000000000,00.00.0.0,00000,0x020000000000,00.00.0.0,00000,0x020000000000,00.00.0.0,00000,0x020000000000,00.00.0.0,00000
5,0x020000000000,00.00.0.0,00000,0x020000000000,00.00.0.0,00000,0x020000000000,00.00.0.0,00000,0x020000000000,00.00.0.0,00000,0x020000000000,00.00.0.0,00000,0x020000000000,00.00.0.0,00000,0x020000000000,00.00.0.0,00000,0x020000000000,00.00.0.0,00000,0x020000000000,00.00.0.0,00000,0x020000000000,00.00.0.0,00000,0x020000000000,00.00.0.0,00000,0x020000000000,00.00.0.0,00000,0x020000000000,00.00.0.0,00000,0x020000000000,00.00.0.0,00000,0x020000000000,00.00.0.0,00000,0x020000000000,00.00.0.0,00000,0x020000000000,00.00.0.0,00000,0x020000000000,00.00.0.0,00000,0x020000000000,00.00.0.0,00000,0x020000000000,00.00.0.0,00000,0x020000000000,00.00.0.0,00000,0x020000000000,00.00.0.0,00000,0x020000000000,00.00.0.0,00000,0x020000000000,00.00.0.0,00000,0x020000000000,00.00.0.0,00000,0x020000000000,00.00.0.0,00000,0x020000000000,00.00.0.0,00000,0x020000000000,00.00.0.0,00000,0x020000000000,00.00.0.0,00000,0x020000000000,00.00.0.0,00000,0x020000000000,00.00.0.0,00000,0x020000000000,00.00.0.0,00000,0x020000000000,00.00.0.0,00000,0x020000000000,00.00.0.0,00000,0x020000000000,00.00.0.0,00000,0x020000000000,00.00.0.0,00000
6,0x020000000000,00.00.0.0,00000,0x020000000000,00.00.0.0,00000,0x020000000000,00.00.0.0,00000,0x020000000000,00.00.0.0,00000,0x020000000000,00.00.0.0,00000,0x020000000000,00.00.0.0,00000,0x020000000000,00.00.0.0,00000,0x020000000000,00.00.0.0,00000,0x020000000000,00.00.0.0,00000,0x020000000000,00.00.0.0,00000,0x020000000000,00.00.0.0,00000,0x020000000000,00.00.0.0,00000,0x020000000000,00.00.0.0,00000,0x020000000000,00.00.0.0,00000,0x020000000000,00.00.0.0,00000,0x020000000000,00.00.0.0,00000,0x020000000000,00.00.0.0,00000,0x020000000000,00.00.0.0,00000,0x020000000000,00.00.0.0,00000,0x020000000000,00.00.0.0,00000,0x020000000000,00.00.0.0,00000,0x020000000000,00.00.0.0,00000,0x020000000000,00.00.0.0,00000,0x020000000000,00.00.0.0,00000,0x020000000000,00.00.0.0,00000,0x020000000000,00.00.0.0,00000,0x020000000000,00.00.0.0,00000,0x020000000000,00.00.0.0,00000,0x020000000000,00.00.0.0,00000,0x020000000000,00.00.0.0,00000,0x020000000000,00.00.0.0,00000,0x020000000000,00.00.0.0,00000,0x020000000000,00.00.0.0,00000,0x020000000000,00.00.0.0,00000,0x020000000000,00.00.0.0,00000,0x020000000000,00.00.0.0,00000
7,0x020000000000,00.00.0.0,00000,0x020000000000,00.00.0.0,00000,0x020000000000,00.00.0.0,00000,0x020000000000,00.00.0.0,00000,0x020000000000,00.00.0.0,00000,0x020000000000,00.00.0.0,00000,0x020000000000,00.00.0.0,00000,0x020000000000,00.00.0.0,00000,0x020000000000,00.00.0.0,00000,0x020000000000,00.00.0.0,00000,0x020000000000,00.00.0.0,00000,0x020000000000,00.00.0.0,00000,0x020000000000,00.00.0.0,00000,0x020000000000,00.00.0.0,00000,0x020000000000,00.00.0.0,00000,0x020000000000,00.00.0.0,00000,0x020000000000,00.00.0.0,00000,0x020000000000,00.00.0.0,00000,0x020000000000,00.00.0.0,00000,0x020000000000,00.00.0.0,00000,0x020000000000,00.00.0.0,00000,0x020000000000,00.00.0.0,00000,0x020000000000,00.00.0.0,00000,0x020000000000,00.00.0.0,00000,0x020000000000,00.00.0.0,00000,0x020000000000,00.00.0.0,00000,0x020000000000,00.00.0.0,00000,0x020000000000,00.00.0.0,00000,0x020000000000,00.00.0.0,00000,0x020000000000,00.00.0.0,00000,0x020000000000,00.00.0.0,00000,0x020000000000,00.00.0.0,00000,0x020000000000,00.00.0.0,00000,0x020000000000,00.00.0.0,00000,0x020000000000,00.00.0.0,00000,0x020000000000,00.00.0.0,00000
8,0x020000000000,00.00.0.0,00000,0x020000000000,00.00.0.0,00000,0x020000000000,00.00.0.0,00000,0x020000000000,00.00.0.0,00000,0x020000000000,00.00.0.0,00000,0x020000000000,00.00.0.0,00000,0x020000000000,00.00.0.0,00000,0x020000000000,00.00.0.0,00000,0x020000000000,00.00.0.0,00000,0x020000000000,00.00.0.0,00000,0x020000000000,00.00.0.0,00000,0x020000000000,00.00.0.0,00000,0x020000000000,00.00.0.0,00000,0x020000000000,00.00.0.0,00000,0x020000000000,00.00.0.0,00000,0x020000000000,00.00.0.0,00000,0x020000000000,00.00.0.0,00000,0x020000000000,00.00.0.0,00000,0x020000000000,00.00.0.0,00000,0x020000000000,00.00.0.0,00000,0x020000000000,00.00.0.0,00000,0x020000000000,00.00.0.0,00000,0x020000000000,00.00.0.0,00000,0x020000000000,00.00.0.0,00000,0x020000000000,00.00.0.0,00000,0x020000000000,00.00.0.0,00000,0x020000000000,00.00.0.0,00000,0x020000000000,00.00.0.0,00000,0x020000000000,00.00.0.0,00000,0x020000000000,00.00.0.0,00000,0x020000000000,00.00.0.0,00000,0x020000000000,00.00.0.0,00000,0x020000000000,00.00.0.0,00000,0x020000000000,00.00.0.0,00000,0x020000000000,00.00.0.0,00000,0x020000000000,00.00.0.0,00000
9,0x020000000000,00.00.0.0,00000,0x020000000000,00.00.0.0,00000,0x020000000000,00.00.0.0,00000,0x020000000000,00.00.0.0,00000,0x020000000000,00.00.0.0,00000,0x020000000000,00.00.0.0,00000,0x020000000000,00.00.0.0,00000,0x020000000000,00.00.0.0,00000,0x020000000000,00.00.0.0,00000,0x020000000000,00.00.0.0,00000,0x020000000000,00.00.0.0,00000,0x020000000000,00.00.0.0,00000,0x020000000000,00.00.0.0,00000,0x020000000000,00.00.0.0,00000,0x020000000000,00.00.0.0,00000,0x020000000000,00.00.0.0,00000,0x020000000000,00.00.0.0,00000,0x020000000000,00.00.0.0,00000,0x020000000000,00.00.0.0,00000,0x020000000000,00.00.0.0,00000,0x020000000000,00.00.0.0,00000,0x020000000000,00.00.0.0,00000,0x020000000000,00.00.0.0,00000,0x020000000000,00.00.0.0,00000,0x020000000000,00.00.0.0,00000,0x020000000000,00.00.0.0,00000,0x020000000000,00.00.0.0,00000,0x020000000000,00.00.0.0,00000,0x020000000000,00.00.0.0,00000,0x020000000000,00.00.0.0,00000,0x020000000000,00.00.0.0,00000,0x020000000000,00.00.0.0,00000,0x020000000000,00.00.0.0,00000,0x020000000000,00.00.0.0,00000,0x020000000000,00.00.0.0,00000,0x020000000000,00.00.0.0,00000
10,0x020000000000,00.00.0.0,00000,0x020000000000,00.00.0.0,00000,0x020000000000,00.00.0.0,00000,0x020000000000,00.00.0.0,00000,0x020000000000,00.00.0.0,00000,0x020000000000,00.00.0.0,00000,0x020000000000,00.00.0.0,00000,0x020000000000,00.00.0.0,00000,0x020000000000,00.00.0.0,00000,0x020000000000,00.00.0.0,00000,0x020000000000,00.00.0.0,00000,0x020000000000,00.00.0.0,00000,0x020000000000,00.00.0.0,00000,0x020000000000,00.00.0.0,00000,0x020000000000,00.00.0.0,00000,0x020000000000,00.00.0.0,00000,0x020000000000,00.00.0.0,00000,0x020000000000,00.00.0.0,00000,0x020000000000,00.00.0.0,00000,0x020000000000,00.00.0.0,00000,0x020000000000,00.00.0.0,00000,0x020000000000,00.00.0.0,00000,0x020000000000,00.00.0.0,00000,0x020000000000,00.00.0.0,00000,0x020000000000,00.00.0.0,00000,0x020000000000,00.00.0.0,00000,0x020000000000,00.00.0.0,00000,0x020000000000,00.00.0.0,00000,0x020000000000,00.00.0.0,00000,0x020000000000,00.00.0.0,00000,0x020000000000,00.00.0.0,00000,0x020000000000,00.00.0.0,00000,0x020000000000,00.00.0.0,00000,0x020000000000,00.00.0.0,00000,0x020000000000,00.00.0.0,00000,0x020000000000,00.00.0.0,00000
11,0x020000000000,00.00.0.0,00000,0x020000000000,00.00.0.0,00000,0x020000000000,00.00.0.0,00000,0x020000000000,00.00.0.0,00000,0x020000000000,00.00.0.0,00000,0x020000000000,00.00.0.0,00000,0x020000000000,00.00.0.0,00000,0x020000000000,00.00.0.0,00000,0x020000000000,00.00.0.0,00000,0x020000000000,00.00.0.0,00000,0x020000000000,00.00.0.0,00000,0x020000000000,00.00.0.0,00000,0x020000000000,00.00.0.0,00000,0x020000000000,00.00.0.0,00000,0x020000000000,00.00.0.0,00000,0x020000000000,00.00.0.0,00000,0x020000000000,00.00.0.0,00000,0x020000000000,00.00.0.0,00000,0x020000000000,00.00.0.0,00000,0x020000000000,00.00.0.0,00000,0x020000000000,00.00.0.0,00000,0x020000000000,00.00.0.0,00000,0x020000000000,00.00.0.0,00000,0x020000000000,00.00.0.0,00000,0x020000000000,00.00.0.0,00000,0x020000000000,00.00.0.0,00000,0x020000000000,00.00.0.0,00000,0x020000000000,00.00.0.0,00000,0x020000000000,00.00.0.0,00000,0x020000000000,00.00.0.0,00000,0x020000000000,00.00.0.0,00000,0x020000000000,00.00.0.0,00000,0x020000000000,00.00.0.0,00000,0x020000000000,00.00.0.0,00000,0x020000000000,00.00.0.0,00000,0x020000000000,00.00.0.0,00000
12,0x020000000000,00.00.0.0,00000,0x020000000000,00.00.0.0,00000,0x020000000000,00.00.0.0,00000,0x020000000000,00.00.0.0,00000,0x020000000000,00.00.0.0,00000,0x020000000000,00.00.0.0,00000,0x020000000000,00.00.0.0,00000,0x020000000000,00.00.0.0,00000,0x020000000000,00.00.0.0,00000,0x020000000000,00.00.0.0,00000,0x020000000000,00.00.0.0,00000,0x020000000000,00.00.0.0,00000,0x020000000000,00.00.0.0,00000,0x020000000000,00.00.0.0,00000,0x020000000000,00.00.0.0,00000,0x020000000000,00.00.0.0,00000,0x020000000000,00.00.0.0,00000,0x020000000000,00.00.0.0,00000,0x020000000000,00.00.0.0,00000,0x020000000000,00.00.0.0,00000,0x020000000000,00.00.0.0,00000,0x020000000000,00.00.0.0,00000,0x020000000000,00.00.0.0,00000,0x020000000000,00.00.0.0,00000,0x020000000000,00.00.0.0,00000,0x020000000000,00.00.0.0,00000,0x020000000000,00.00.0.0,00000,0x020000000000,00.00.0.0,00000,0x020000000000,00.00.0.0,00000,0x020000000000,00.00.0.0,00000,0x020000000000,00.00.0.0,00000,0x020000000000,00.00.0.0,00000,0x020000000000,00.00.0.0,00000,0x020000000000,00.00.0.0,00000,0x020000000000,00.00.0.0,00000,0x020000000000,00.00.0.0,00000
13,0x020000000000,00.00.0.0,00000,0x020000000000,00.00.0.0,00000,0x020000000000,00.00.0.0,00000,0x020000000000,00.00.0.0,00000,0x020000000000,00.00.0.0,00000,0x020000000000,00.00.0.0,00000,0x020000000000,00.00.0.0,00000,0x020000000000,00.00.0.0,00000,0x020000000000,00.00.0.0,00000,0x020000000000,00.00.0.0,00000,0x020000000000,00.00.0.0,00000,0x020000000000,00.00.0.0,00000,0x020000000000,00.00.0.0,00000,0x020000000000,00.00.0.0,00000,0x020000000000,00.00.0.0,00000,0x020000000000,00.00.0.0,00000,0x020000000000,00.00.0.0,00000,0x020000000000,00.00.0.0,00000,0x020000000000,00.00.0.0,00000,0x020000000000,00.00.0.0,00000,0x020000000000,00.00.0.0,00000,0x020000000000,00.00.0.0,00000,0x020000000000,00.00.0.0,00000,0x020000000000,00.00.0.0,00000,0x020000000000,00.00.0.0,00000,0x020000000000,00.00.0.0,00000,0x020000000000,00.00.0.0,00000,0x020000000000,00.00.0.0,00000,0x020000000000,00.00.0.0,00000,0x020000000000,00.00.0.0,00000,0x020000000000,00.00.0.0,00000,0x020000000000,00.00.0.0,00000,0x020000000000,00.00.0.0,00000,0x020000000000,00.00.0.0,00000,0x020000000000,00.00.0.0,00000,0x020000000000,00.00.0.0,00000
14,0x020000000000,00.00.0.0,00000,0x020000000000,00.00.0.0,00000,0x020000000000,00.00.0.0,00000,0x020000000000,00.00.0.0,00000,0x020000000000,00.00.0.0,00000,0x020000000000,00.00.0.0,00000,0x020000000000,00.00.0.0,00000,0x020000000000,00.00.0.0,00000,0x020000000000,00.00.0.0,00000,0x020000000000,00.00.0.0,00000,0x020000000000,00.00.0.0,00000,0x020000000000,00.00.0.0,00000,0x020000000000,00.00.0.0,00000,0x020000000000,00.00.0.0,00000,0x020000000000,00.00.0.0,00000,0x020000000000,00.00.0.0,00000,0x020000000000,00.00.0.0,00000,0x020000000000,00.00.0.0,00000,0x020000000000,00.00.0.0,00000,0x020000000000,00.00.0.0,00000,0x020000000000,00.00.0.0,00000,0x020000000000,00.00.0.0,00000,0x020000000000,00.00.0.0,00000,0x020000000000,00.00.0.0,00000,0x020000000000,00.00.0.0,00000,0x020000000000,00.00.0.0,00000,0x020000000000,00.00.0.0,00000,0x020000000000,00.00.0.0,00000,0x020000000000,00.00.0.0,00000,0x020000000000,00.00.0.0,00000,0x020000000000,00.00.0.0,00000,0x020000000000,00.00.0.0,00000,0x020000000000,00.00.0.0,00000,0x020000000000,00.00.0.0,00000,0x020000000000,00.00.0.0,00000,0x020000000000,00.00.0.0,00000
15,0x020000000000,00.00.0.0,00000,0x020000000000,00.00.0.0,00000,0x020000000000,00.00.0.0,00000,0x020000000000,00.00.0.0,00000,0x020000000000,00.00.0.0,00000,0x020000000000,00.00.0.0,00000,0x020000000000,00.00.0.0,00000,0x020000000000,00.00.0.0,00000,0x020000000000,00.00.0.0,00000,0x020000000000,00.00.0.0,00000,0x020000000000,00.00.0.0,00000,0x020000000000,00.00.0.0,00000,0x020000000000,00.00.0.0,00000,0x020000000000,00.00.0.0,00000,0x020000000000,00.00.0.0,00000,0x020000000000,00.00.0.0,00000,0x020000000000,00.00.0.0,00000,0x020000000000,00.00.0.0,00000,0x020000000000,00.00.0.0,00000,0x020000000000,00.00.0.0,00000,0x020000000000,00.00.0.0,00000,0x020000000000,00.00.0.0,00000,0x020000000000,00.00.0.0,00000,0x020000000000,00.00.0.0,00000,0x020000000000,00.00.0.0,00000,0x020000000000,00.00.0.0,00000,0x020000000000,00.00.0.0,00000,0x020000000000,00.00.0.0,00000,0x020000000000,00.00.0.0,00000,0x020000000000,00.00.0.0,00000,0x020000000000,00.00.0.0,00000,0x020000000000,00.00.0.0,00000,0x020000000000,00.00.0.0,00000,0x020000000000,00.00.0.0,00000,0x020000000000,00.00.0.0,00000,0x020000000000,00.00.0.0,00000
16,0x020000000000,00.00.0.0,00000,0x020000000000,00.00.0.0,00000,0x020000000000,00.00.0.0,00000,0x020000000000,00.00.0.0,00000,0x020000000000,00.00.0.0,00000,0x020000000000,00.00.0.0,00000,0x020000000000,00.00.0.0,00000,0x020000000000,00.00.0.0,00000,0x020000000000,00.00.0.0,00000,0x020000000000,00.00.0.0,00000,0x020000000000,00.00.0.0,00000,0x020000000000,00.00.0.0,00000,0x020000000000,00.00.0.0,00000,0x020000000000,00.00.0.0,00000,0x020000000000,00.00.0.0,00000,0x020000000000,00.00.0.0,00000,0x020000000000,00.00.0.0,00000,0x020000000000,00.00.0.0,00000,0x020000000000,00.00.0.0,00000,0x020000000000,00.00.0.0,00000,0x020000000000,00.00.0.0,00000,0x020000000000,00.00.0.0,00000,0x020000000000,00.00.0.0,00000,0x020000000000,00.00.0.0,00000,0x020000000000,00.00.0.0,00000,0x020000000000,00.00.0.0,00000,0x020000000000,00.00.0.0,00000,0x020000000000,00.00.0.0,00000,0x020000000000,00.00.0.0,00000,0x020000000000,00.00.0.0,00000,0x020000000000,00.00.0.0,00000,0x020000000000,00.00.0.0,00000,0x020000000000,00.00.0.0,00000,0x020000000000,00.00.0.0,00000,0x020000000000,00.00.0.0,00000,0x020000000000,00.00.0.0,00000
17,0x020000000000,00.00.0.0,00000,0x020000000000,00.00.0.0,00000,0x020000000000,00.00.0.0,00000,0x020000000000,00.00.0.0,00000,0x020000000000,00.00.0.0,00000,0x020000000000,00.00.0.0,00000,0x020000000000,00.00.0.0,00000,0x020000000000,00.00.0.0,00000,0x020000000000,00.00.0.0,00000,0x020000000000,00.00.0.0,00000,0x020000000000,00.00.0.0,00000,0x020000000000,00.00.0.0,00000,0x020000000000,00.00.0.0,00000,0x020000000000,00.00.0.0,00000,0x020000000000,00.00.0.0,00000,0x020000000000,00.00.0.0,00000,0x020000000000,00.00.0.0,00000,0x020000000000,00.00.0.0,00000,0x020000000000,00.00.0.0,00000,0x020000000000,00.00.0.0,00000,0x020000000000,00.00.0.0,00000,0x020000000000,00.00.0.0,00000,0x020000000000,00.00.0.0,00000,0x020000000000,00.00.0.0,00000,0x020000000000,00.00.0.0,00000,0x020000000000,00.00.0.0,00000,0x020000000000,00.00.0.0,00000,0x020000000000,00.00.0.0,00000,0x020000000000,00.00.0.0,00000,0x020000000000,00.00.0.0,00000,0x020000000000,00.00.0.0,00000,0x020000000000,00.00.0.0,00000,0x020000000000,00.00.0.0,00000,0x020000000000,00.00.0.0,00000,0x020000000000,00.00.0.0,00000,0x020000000000,00.00.0.0,00000
18,0x020000000000,00.00.0.0,00000,0x020000000000,00.00.0.0,00000,0x020000000000,00.00.0.0,00000,0x020000000000,00.00.0.0,00000,0x020000000000,00.00.0.0,00000,0x020000000000,00.00.0.0,00000,0x020000000000,00.00.0.0,00000,0x020000000000,00.00.0.0,00000,0x020000000000,00.00.0.0,00000,0x020000000000,00.00.0.0,00000,0x020000000000,00.00.0.0,00000,0x020000000000,00.00.0.0,00000,0x020000000000,00.00.0.0,00000,0x020000000000,00.00.0.0,00000,0x020000000000,00.00.0.0,00000,0x020000000000,00.00.0.0,00000,0x020000000000,00.00.0.0,00000,0x020000000000,00.00.0.0,00000,0x020000000000,00.00.0.0,00000,0x020000000000,00.00.0.0,00000,0x020000000000,00.00.0.0,00000,0x020000000000,00.00.0.0,00000,0x020000000000,00.00.0.0,00000,0x020000000000,00.00.0.0,00000,0x020000000000,00.00.0.0,00000,0x020000000000,00.00.0.0,00000,0x020000000000,00.00.0.0,00000,0x020000000000,00.00.0.0,00000,0x020000000000,00.00.0.0,00000,0x020000000000,00.00.0.0,00000,0x020000000000,00.00.0.0,00000,0x020000000000,00.00.0.0,00000,0x020000000000,00.00.0.0,00000,0x020000000000,00.00.0.0,00000,0x020000000000,00.00.0.0,00000,0x020000000000,00.00.0.0,00000
19,0x020000000000,00.00.0.0,00000,0x020000000000,00.00.0.0,00000,0x020000000000,00.00.0.0,00000,0x020000000000,00.00.0.0,00000,0x020000000000,00.00.0.0,00000,0x020000000000,00.00.0.0,00000,0x020000000000,00.00.0.0,00000,0x020000000000,00.00.0.0,00000,0x020000000000,00.00.0.0,00000,0x020000000000,00.00.0.0,00000,0x020000000000,00.00.0.0,00000,0x020000000000,00.00.0.0,00000,0x020000000000,00.00.0.0,00000,0x020000000000,00.00.0.0,00000,0x020000000000,00.00.0.0,00000,0x020000000000,00.00.0.0,00000,0x020000000000,00.00.0.0,00000,0x020000000000,00.00.0.0,00000,0x020000000000,00.00.0.0,00000,0x020000000000,00.00.0.0,00000,0x020000000000,00.00.0.0,00000,0x020000000000,00.00.0.0,00000,0x020000000000,00.00.0.0,00000,0x020000000000,00.00.0.0,00000,0x020000000000,00.00.0.0,00000,0x020000000000,00.00.0.0,00000,0x020000000000,00.00.0.0,00000,0x020000000000,00.00.0.0,00000,0x020000000000,00.00.0.0,00000,0x020000000000,00.00.0.0,00000,0x020000000000,00.00.0.0,00000,0x020000000000,00.00.0.0,00000,0x020000000000,00.00.0.0,00000,0x020000000000,00.00.0.0,00000,0x020000000000,00.00.0.0,00000,0x020000000000,00.00.0.0,00000
20,0x020000000000,00.00.0.0,00000,0x020000000000,00.00.0.0,00000,0x020000000000,00.00.0.0,00000,0x020000000000,00.00.0.0,00000,0x020000000000,00.00.0.0,00000,0x020000000000,00.00.0.0,00000,0x020000000000,00.00.0.0,00000,0x020000000000,00.00.0.0,00000,0x020000000000,00.00.0.0,00000,0x020000000000,00.00.0.0,00000,0x020000000000,00.00.0.0,00000,0x020000000000,00.00.0.0,00000,0x020000000000,00.00.0.0,00000,0x020000000000,00.00.0.0,00000,0x020000000000,00.00.0.0,00000,0x020000000000,00.00.0.0,00000,0x020000000000,00.00.0.0,00000,0x020000000000,00.00.0.0,00000,0x020000000000,00.00.0.0,00000,0x020000000000,00.00.0.0,00000,0x020000000000,00.00.0.0,00000,0x020000000000,00.00.0.0,00000,0x020000000000,00.00.0.0,00000,0x020000000000,00.00.0.0,00000,0x020000000000,00.00.0.0,00000,0x020000000000,00.00.0.0,00000,0x020000000000,00.00.0.0,00000,0x020000000000,00.00.0.0,00000,0x020000000000,00.00.0.0,00000,0x020000000000,00.00.0.0,00000,0x020000000000,00.00.0.0,00000,0x020000000000,00.00.0.0,00000,0x020000000000,00.00.0.0,00000,0x020000000000,00.00.0.0,00000,0x020000000000,00.00.0.0,00000,0x020000000000,00.00.0.0,00000
21,0x7cfe90c0c930,10.17.0.1,17100,0x7cfe90c0c930,10.17.0.1,17101,0x7cfe90c0c930,10.17.0.1,17102,0x7cfe90c0c930,10.17.0.1,17103,0x7cfe90c0c930,10.17.0.1,17104,0x7cfe90c0c930,10.17.0.1,17105,0x7cfe90c0c930,10.17.0.1,17106,0x7cfe90c0c930,10.17.0.1,17107,0x7cfe90c0c930,10.17.0.1,17108,0x7cfe90c0c930,10.17.0.1,17109,0x7cfe90c0c930,10.17.0.1,17110,0x7cfe90c0c930,10.17.0.1,17111,0x7cfe90c0c930,10.17.0.1,17112,0x7cfe90c0c930,10.17.0.1,17113,0x7cfe90c0c930,10.17.0.1,17114,0x7cfe90c0c930,10.17.0.1,17115,0x7cfe90c0c930,10.17.0.1,17116,0x7cfe90c0c930,10.17.0.1,17117,0x7cfe90c0c930,10.17.0.1,17118,0x7cfe90c0c930,10.17.0.1,17119,0x7cfe90c0c930,10.17.0.1,17120,0x7cfe90c0c930,10.17.0.1,17121,0x7cfe90c0c930,10.17.0.1,17122,0x7cfe90c0c930,10.17.0.1,17123,0x7cfe90c0c930,10.17.0.1,17124,0x7cfe90c0c930,10.17.0.1,17125,0x7cfe90c0c930,10.17.0.1,17126,0x7cfe90c0c930,10.17.0.1,17127,0x7cfe90c0c930,10.17.0.1,17128,0x7cfe90c0c930,10.17.0.1,17129,0x7cfe90c0c930,10.17.0.1,17130,0x7cfe90c0c930,10.17.0.1,17131,0x7cfe90c0c930,10.17.0.1,17132,0x7cfe90c0c930,10.17.0.1,17133,0x7cfe90c0c930,10.17.0.1,17134,0x7cfe90c0c930,10.17.0.1,17135
22,0x7cfe90c0cc10,10.17.0.2,17100,0x7cfe90c0cc10,10.17.0.2,17101,0x7cfe90c0cc10,10.17.0.2,17102,0x7cfe90c0cc10,10.17.0.2,17103,0x7cfe90c0cc10,10.17.0.2,17104,0x7cfe90c0cc10,10.17.0.2,17105,0x7cfe90c0cc10,10.17.0.2,17106,0x7cfe90c0cc10,10.17.0.2,17107,0x7cfe90c0cc10,10.17.0.2,17108,0x7cfe90c0cc10,10.17.0.2,17109,0x7cfe90c0cc10,10.17.0.2,17110,0x7cfe90c0cc10,10.17.0.2,17111,0x7cfe90c0cc10,10.17.0.2,17112,0x7cfe90c0cc10,10.17.0.2,17113,0x7cfe90c0cc10,10.17.0.2,17114,0x7cfe90c0cc10,10.17.0.2,17115,0x7cfe90c0cc10,10.17.0.2,17116,0x7cfe90c0cc10,10.17.0.2,17117,0x7cfe90c0cc10,10.17.0.2,17118,0x7cfe90c0cc10,10.17.0.2,17119,0x7cfe90c0cc10,10.17.0.2,17120,0x7cfe90c0cc10,10.17.0.2,17121,0x7cfe90c0cc10,10.17.0.2,17122,0x7cfe90c0cc10,10.17.0.2,17123,0x7cfe90c0cc10,10.17.0.2,17124,0x7cfe90c0cc10,10.17.0.2,17125,0x7cfe90c0cc10,10.17.0.2,17126,0x7cfe90c0cc10,10.17.0.2,17127,0x7cfe90c0cc10,10.17.0.2,17128,0x7cfe90c0cc10,10.17.0.2,17129,0x7cfe90c0cc10,10.17.0.2,17130,0x7cfe90c0cc10,10.17.0.2,17131,0x7cfe90c0cc10,10.17.0.2,17132,0x7cfe90c0cc10,10.17.0.2,17133,0x7cfe90c0cc10,10.17.0.2,17134,0x7cfe90c0cc10,10.17.0.2,17135
23,0x7cfe90c0ca60,10.17.1.1,17100,0x7cfe90c0ca60,10.17.1.1,17101,0x7cfe90c0ca60,10.17.1.1,17102,0x7cfe90c0ca60,10.17.1.1,17103,0x7cfe90c0ca60,10.17.1.1,17104,0x7cfe90c0ca60,10.17.1.1,17105,0x7cfe90c0ca60,10.17.1.1,17106,0x7cfe90c0ca60,10.17.1.1,17107,0x7cfe90c0ca60,10.17.1.1,17108,0x7cfe90c0ca60,10.17.1.1,17109,0x7cfe90c0ca60,10.17.1.1,17110,0x7cfe90c0ca60,10.17.1.1,17111,0x7cfe90c0ca60,10.17.1.1,17112,0x7cfe90c0ca60,10.17.1.1,17113,0x7cfe90c0ca60,10.17.1.1,17114,0x7cfe90c0ca60,10.17.1.1,17115,0x7cfe90c0ca60,10.17.1.1,17116,0x7cfe90c0ca60,10.17.1.1,17117,0x7cfe90c0ca60,10.17.1.1,17118,0x7cfe90c0ca60,10.17.1.1,17119,0x7cfe90c0ca60,10.17.1.1,17120,0x7cfe90c0ca60,10.17.1.1,17121,0x7cfe90c0ca60,10.17.1.1,17122,0x7cfe90c0ca60,10.17.1.1,17123,0x7cfe90c0ca60,10.17.1.1,17124,0x7cfe90c0ca60,10.17.1.1,17125,0x7cfe90c0ca60,10.17.1.1,17126,0x7cfe90c0ca60,10.17.1.1,17127,0x7cfe90c0ca60,10.17.1.1,17128,0x7cfe90c0ca60,10.17.1.1,17129,0x7cfe90c0ca60,10.17.1.1,17130,0x7cfe90c0ca60,10.17.1.1,17131,0x7cfe90c0ca60,10.17.1.1,17132,0x7cfe90c0ca60,10.17.1.1,17133,0x7cfe90c0ca60,10.17.1.1,17134,0x7cfe90c0ca60,10.17.1.1,17135
24,0x7cfe90c0cd50,10.17.1.2,17100,0x7cfe90c0cd50,10.17.1.2,17101,0x7cfe90c0cd50,10.17.1.2,17102,0x7cfe90c0cd50,10.17.1.2,17103,0x7cfe90c0cd50,10.17.1.2,17104,0x7cfe90c0cd50,10.17.1.2,17105,0x7cfe90c0cd50,10.17.1.2,17106,0x7cfe90c0cd50,10.17.1.2,17107,0x7cfe90c0cd50,10.17.1.2,17108,0x7cfe90c0cd50,10.17.1.2,17109,0x7cfe90c0cd50,10.17.1.2,17110,0x7cfe90c0cd50,10.17.1.2,17111,0x7cfe90c0cd50,10.17.1.2,17112,0x7cfe90c0cd50,10.17.1.2,17113,0x7cfe90c0cd50,10.17.1.2,17114,0x7cfe90c0cd50,10.17.1.2,17115,0x7cfe90c0cd50,10.17.1.2,17116,0x7cfe90c0cd50,10.17.1.2,17117,0x7cfe90c0cd50,10.17.1.2,17118,0x7cfe90c0cd50,10.17.1.2,17119,0x7cfe90c0cd50,10.17.1.2,17120,0x7cfe90c0cd50,10.17.1.2,17121,0x7cfe90c0cd50,10.17.1.2,17122,0x7cfe90c0cd50,10.17.1.2,17123,0x7cfe90c0cd50,10.17.1.2,17124,0x7cfe90c0cd50,10.17.1.2,17125,0x7cfe90c0cd50,10.17.1.2,17126,0x7cfe90c0cd50,10.17.1.2,17127,0x7cfe90c0cd50,10.17.1.2,17128,0x7cfe90c0cd50,10.17.1.2,17129,0x7cfe90c0cd50,10.17.1.2,17130,0x7cfe90c0cd50,10.17.1.2,17131,0x7cfe90c0cd50,10.17.1.2,17132,0x7cfe90c0cd50,10.17.1.2,17133,0x7cfe90c0cd50,10.17.1.2,17134,0x7cfe90c0cd50,10.17.1.2,17135
25,0x7cfe90c0cce1,10.17.2.1,17100,0x7cfe90c0cce1,10.17.2.1,17101,0x7cfe90c0cce1,10.17.2.1,17102,0x7cfe90c0cce1,10.17.2.1,17103,0x7cfe90c0cce1,10.17.2.1,17104,0x7cfe90c0cce1,10.17.2.1,17105,0x7cfe90c0cce1,10.17.2.1,17106,0x7cfe90c0cce1,10.17.2.1,17107,0x7cfe90c0cce1,10.17.2.1,17108,0x7cfe90c0cce1,10.17.2.1,17109,0x7cfe90c0cce1,10.17.2.1,17110,0x7cfe90c0cce1,10.17.2.1,17111,0x7cfe90c0cce1,10.17.2.1,17112,0x7cfe90c0cce1,10.17.2.1,17113,0x7cfe90c0cce1,10.17.2.1,17114,0x7cfe90c0cce1,10.17.2.1,17115,0x7cfe90c0cce1,10.17.2.1,17116,0x7cfe90c0cce1,10.17.2.1,17117,0x7cfe90c0cce1,10.17.2.1,17118,0x7cfe90c0cce1,10.17.2.1,17119,0x7cfe90c0cce1,10.17.2.1,17120,0x7cfe90c0cce1,10.17.2.1,17121,0x7cfe90c0cce1,10.17.2.1,17122,0x7cfe90c0cce1,10.17.2.1,17123,0x7cfe90c0cce1,10.17.2.1,17124,0x7cfe90c0cce1,10.17.2.1,17125,0x7cfe90c0cce1,10.17.2.1,17126,0x7cfe90c0cce1,10.17.2.1,17127,0x7cfe90c0cce1,10.17.2.1,17128,0x7cfe90c0cce1,10.17.2.1,17129,0x7cfe90c0cce1,10.17.2.1,17130,0x7cfe90c0cce1,10.17.2.1,17131,0x7cfe90c0cce1,10.17.2.1,17132,0x7cfe90c0cce1,10.17.2.1,17133,0x7cfe90c0cce1,10.17.2.1,17134,0x7cfe90c0cce1,10.17.2.1,17135
26,0x7cfe90c0cc20,10.17.2.2,17100,0x7cfe90c0cc20,10.17.2.2,17101,0x7cfe90c0cc20,10.17.2.2,17102,0x7cfe90c0cc20,10.17.2.2,17103,0x7cfe90c0cc20,10.17.2.2,17104,0x7cfe90c0cc20,10.17.2.2,17105,0x7cfe90c0cc20,10.17.2.2,17106,0x7cfe90c0cc20,10.17.2.2,17107,0x7cfe90c0cc20,10.17.2.2,17108,0x7cfe90c0cc20,10.17.2.2,17109,0x7cfe90c0cc20,10.17.2.2,17110,0x7cfe90c0cc20,10.17.2.2,17111,0x7cfe90c0cc20,10.17.2.2,17112,0x7cfe90c0cc20,10.17.2.2,17113,0x7cfe90c0cc20,10.17.2.2,17114,0x7cfe90c0cc20,10.17.2.2,17115,0x7cfe90c0cc20,10.17.2.2,17116,0x7cfe90c0cc20,10.17.2.2,17117,0x7cfe90c0cc20,10.17.2.2,17118,0x7cfe90c0cc20,10.17.2.2,17119,0x7cfe90c0cc20,10.17.2.2,17120,0x7cfe90c0cc20,10.17.2.2,17121,0x7cfe90c0cc20,10.17.2.2,17122,0x7cfe90c0cc20,10.17.2.2,17123,0x7cfe90c0cc20,10.17.2.2,17124,0x7cfe90c0cc20,10.17.2.2,17125,0x7cfe90c0cc20,10.17.2.2,17126,0x7cfe90c0cc20,10.17.2.2,17127,0x7cfe90c0cc20,10.17.2.2,17128,0x7cfe90c0cc20,10.17.2.2,17129,0x7cfe90c0cc20,10.17.2.2,17130,0x7cfe90c0cc20,10.17.2.2,17131,0x7cfe90c0cc20,10.17.2.2,17132,0x7cfe90c0cc20,10.17.2.2,17133,0x7cfe90c0cc20,10.17.2.2,17134,0x7cfe90c0cc20,10.17.2.2,17135
27,0x020000000000,00.00.0.0,00000,0x020000000000,00.00.0.0,00000,0x020000000000,00.00.0.0,00000,0x020000000000,00.00.0.0,00000,0x020000000000,00.00.0.0,00000,0x020000000000,00.00.0.0,00000,0x020000000000,00.00.0.0,00000,0x020000000000,00.00.0.0,00000,0x020000000000,00.00.0.0,00000,0x020000000000,00.00.0.0,00000,0x020000000000,00.00.0.0,00000,0x020000000000,00.00.0.0,00000,0x020000000000,00.00.0.0,00000,0x020000000000,00.00.0.0,00000,0x020000000000,00.00.0.0,00000,0x020000000000,00.00.0.0,00000,0x020000000000,00.00.0.0,00000,0x020000000000,00.00.0.0,00000,0x020000000000,00.00.0.0,00000,0x020000000000,00.00.0.0,00000,0x020000000000,00.00.0.0,00000,0x020000000000,00.00.0.0,00000,0x020000000000,00.00.0.0,00000,0x020000000000,00.00.0.0,00000,0x020000000000,00.00.0.0,00000,0x020000000000,00.00.0.0,00000,0x020000000000,00.00.0.0,00000,0x020000000000,00.00.0.0,00000,0x020000000000,00.00.0.0,00000,0x020000000000,00.00.0.0,00000,0x020000000000,00.00.0.0,00000,0x020000000000,00.00.0.0,00000,0x020000000000,00.00.0.0,00000,0x020000000000,00.00.0.0,00000,0x020000000000,00.00.0.0,00000,0x020000000000,00.00.0.0,00000
28,0x020000000000,00.00.0.0,00000,0x020000000000,00.00.0.0,00000,0x020000000000,00.00.0.0,00000,0x020000000000,00.00.0.0,00000,0x020000000000,00.00.0.0,00000,0x020000000000,00.00.0.0,00000,0x020000000000,00.00.0.0,00000,0x020000000000,00.00.0.0,00000,0x020000000000,00.00.0.0,00000,0x020000000000,00.00.0.0,00000,0x020000000000,00.00.0.0,00000,0x020000000000,00.00.0.0,00000,0x020000000000,00.00.0.0,00000,0x020000000000,00.00.0.0,00000,0x020000000000,00.00.0.0,00000,0x020000000000,00.00.0.0,00000,0x020000000000,00.00.0.0,00000,0x020000000000,00.00.0.0,00000,0x020000000000,00.00.0.0,00000,0x020000000000,00.00.0.0,00000,0x020000000000,00.00.0.0,00000,0x020000000000,00.00.0.0,00000,0x020000000000,00.00.0.0,00000,0x020000000000,00.00.0.0,00000,0x020000000000,00.00.0.0,00000,0x020000000000,00.00.0.0,00000,0x020000000000,00.00.0.0,00000,0x020000000000,00.00.0.0,00000,0x020000000000,00.00.0.0,00000,0x020000000000,00.00.0.0,00000,0x020000000000,00.00.0.0,00000,0x020000000000,00.00.0.0,00000,0x020000000000,00.00.0.0,00000,0x020000000000,00.00.0.0,00000,0x020000000000,00.00.0.0,00000,0x020000000000,00.00.0.0,00000
29,0x020000000000,00.00.0.0,00000,0x020000000000,00.00.0.0,00000,0x020000000000,00.00.0.0,00000,0x020000000000,00.00.0.0,00000,0x020000000000,00.00.0.0,00000,0x020000000000,00.00.0.0,00000,0x020000000000,00.00.0.0,00000,0x020000000000,00.00.0.0,00000,0x020000000000,00.00.0.0,00000,0x020000000000,00.00.0.0,00000,0x020000000000,00.00.0.0,00000,0x020000000000,00.00.0.0,00000,0x020000000000,00.00.0.0,00000,0x020000000000,00.00.0.0,00000,0x020000000000,00.00.0.0,00000,0x020000000000,00.00.0.0,00000,0x020000000000,00.00.0.0,00000,0x020000000000,00.00.0.0,00000,0x020000000000,00.00.0.0,00000,0x020000000000,00.00.0.0,00000,0x020000000000,00.00.0.0,00000,0x020000000000,00.00.0.0,00000,0x020000000000,00.00.0.0,00000,0x020000000000,00.00.0.0,00000,0x020000000000,00.00.0.0,00000,0x020000000000,00.00.0.0,00000,0x020000000000,00.00.0.0,00000,0x020000000000,00.00.0.0,00000,0x020000000000,00.00.0.0,00000,0x020000000000,00.00.0.0,00000,0x020000000000,00.00.0.0,00000,0x020000000000,00.00.0.0,00000,0x020000000000,00.00.0.0,00000,0x020000000000,00.00.0.0,00000,0x020000000000,00.00.0.0,00000,0x020000000000,00.00.0.0,00000
30,0x020000000000,00.00.0.0,00000,0x020000000000,00.00.0.0,00000,0x020000000000,00.00.0.0,00000,0x020000000000,00.00.0.0,00000,0x020000000000,00.00.0.0,00000,0x020000000000,00.00.0.0,00000,0x020000000000,00.00.0.0,00000,0x020000000000,00.00.0.0,00000,0x020000000000,00.00.0.0,00000,0x020000000000,00.00.0.0,00000,0x020000000000,00.00.0.0,00000,0x020000000000,00.00.0.0,00000,0x020000000000,00.00.0.0,00000,0x020000000000,00.00.0.0,00000,0x020000000000,00.00.0.0,00000,0x020000000000,00.00.0.0,00000,0x020000000000,00.00.0.0,00000,0x020000000000,00.00.0.0,00000,0x020000000000,00.00.0.0,00000,0x020000000000,00.00.0.0,00000,0x020000000000,00.00.0.0,00000,0x020000000000,00.00.0.0,00000,0x020000000000,00.00.0.0,00000,0x020000000000,00.00.0.0,00000,0x020000000000,00.00.0.0,00000,0x020000000000,00.00.0.0,00000,0x020000000000,00.00.0.0,00000,0x020000000000,00.00.0.0,00000,0x020000000000,00.00.0.0,00000,0x020000000000,00.00.0.0,00000,0x020000000000,00.00.0.0,00000,0x020000000000,00.00.0.0,00000,0x020000000000,00.00.0.0,00000,0x020000000000,00.00.0.0,00000,0x020000000000,00.00.0.0,00000,0x020000000000,00.00.0.0,00000
31,0x020000000000,00.00.0.0,00000,0x020000000000,00.00.0.0,00000,0x020000000000,00.00.0.0,00000,0x020000000000,00.00.0.0,00000,0x020000000000,00.00.0.0,00000,0x020000000000,00.00.0.0,00000,0x020000000000,00.00.0.0,00000,0x020000000000,00.00.0.0,00000,0x020000000000,00.00.0.0,00000,0x020000000000,00.00.0.0,00000,0x020000000000,00.00.0.0,00000,0x020000000000,00.00.0.0,00000,0x020000000000,00.00.0.0,00000,0x020000000000,00.00.0.0,00000,0x020000000000,00.00.0.0,00000,0x020000000000,00.00.0.0,00000,0x020000000000,00.00.0.0,00000,0x020000000000,00.00.0.0,00000,0x020000000000,00.00.0.0,00000,0x020000000000,00.00.0.0,00000,0x020000000000,00.00.0.0,00000,0x020000000000,00.00.0.0,00000,0x020000000000,00.00.0.0,00000,0x020000000000,00.00.0.0,00000,0x020000000000,00.00.0.0,00000,0x020000000000,00.00.0.0,00000,0x020000000000,00.00.0.0,00000,0x020000000000,00.00.0.0,00000,0x020000000000,00.00.0.0,00000,0x020000000000,00.00.0.0,00000,0x020000000000,00.00.0.0,00000,0x020000000000,00.00.0.0,00000,0x020000000000,00.00.0.0,00000,0x020000000000,00.00.0.0,00000,0x020000000000,00.00.0.0,00000,0x020000000000,00.00.0.0,00000
32,0x020000000000,00.00.0.0,00000,0x020000000000,00.00.0.0,00000,0x020000000000,00.00.0.0,00000,0x020000000000,00.00.0.0,00000,0x020000000000,00.00.0.0,00000,0x020000000000,00.00.0.0,00000,0x020000000000,00.00.0.0,00000,0x020000000000,00.00.0.0,00000,0x020000000000,00.00.0.0,00000,0x020000000000,00.00.0.0,00000,0x020000000000,00.00.0.0,00000,0x020000000000,00.00.0.0,00000,0x020000000000,00.00.0.0,00000,0x020000000000,00.00.0.0,00000,0x020000000000,00.00.0.0,00000,0x020000000000,00.00.0.0,00000,0x020000000000,00.00.0.0,00000,0x020000000000,00.00.0.0,00000,0x020000000000,00.00.0.0,00000,0x020000000000,00.00.0.0,00000,0x020000000000,00.00.0.0,00000,0x020000000000,00.00.0.0,00000,0x020000000000,00.00.0.0,00000,0x020000000000,00.00.0.0,00000,0x020000000000,00.00.0.0,00000,0x020000000000,00.00.0.0,00000,0x020000000000,00.00.0.0,00000,0x020000000000,00.00.0.0,00000,0x020000000000,00.00.0.0,00000,0x020000000000,00.00.0.0,00000,0x020000000000,00.00.0.0,00000,0x020000000000,00.00.0.0,00000,0x020000000000,00.00.0.0,00000,0x020000000000,00.00.0.0,00000,0x020000000000,00.00.0.0,00000,0x020000000000,00.00.0.0,00000
33,0x020000000000,00.00.0.0,00000,0x020000000000,00.00.0.0,00000,0x020000000000,00.00.0.0,00000,0x020000000000,00.00.0.0,00000,0x020000000000,00.00.0.0,00000,0x020000000000,00.00.0.0,00000,0x020000000000,00.00.0.0,00000,0x020000000000,00.00.0.0,00000,0x020000000000,00.00.0.0,00000,0x020000000000,00.00.0.0,00000,0x020000000000,00.00.0.0,00000,0x020000000000,00.00.0.0,00000,0x020000000000,00.00.0.0,00000,0x020000000000,00.00.0.0,00000,0x020000000000,00.00.0.0,00000,0x020000000000,00.00.0.0,00000,0x020000000000,00.00.0.0,00000,0x020000000000,00.00.0.0,00000,0x020000000000,00.00.0.0,00000,0x020000000000,00.00.0.0,00000,0x020000000000,00.00.0.0,00000,0x020000000000,00.00.0.0,00000,0x020000000000,00.00.0.0,00000,0x020000000000,00.00.0.0,00000,0x020000000000,00.00.0.0,00000,0x020000000000,00.00.0.0,00000,0x020000000000,00.00.0.0,00000,0x020000000000,00.00.0.0,00000,0x020000000000,00.00.0.0,00000,0x020000000000,00.00.0.0,00000,0x020000000000,00.00.0.0,00000,0x020000000000,00.00.0.0,00000,0x020000000000,00.00.0.0,00000,0x020000000000,00.00.0.0,00000,0x020000000000,00.00.0.0,00000,0x020000000000,00.00.0.0,00000
34,0x020000000000,00.00.0.0,00000,0x020000000000,00.00.0.0,00000,0x020000000000,00.00.0.0,00000,0x020000000000,00.00.0.0,00000,0x020000000000,00.00.0.0,00000,0x020000000000,00.00.0.0,00000,0x020000000000,00.00.0.0,00000,0x020000000000,00.00.0.0,00000,0x020000000000,00.00.0.0,00000,0x020000000000,00.00.0.0,00000,0x020000000000,00.00.0.0,00000,0x020000000000,00.00.0.0,00000,0x020000000000,00.00.0.0,00000,0x020000000000,00.00.0.0,00000,0x020000000000,00.00.0.0,00000,0x020000000000,00.00.0.0,00000,0x020000000000,00.00.0.0,00000,0x020000000000,00.00.0.0,00000,0x020000000000,00.00.0.0,00000,0x020000000000,00.00.0.0,00000,0x020000000000,00.00.0.0,00000,0x020000000000,00.00.0.0,00000,0x020000000000,00.00.0.0,00000,0x020000000000,00.00.0.0,00000,0x020000000000,00.00.0.0,00000,0x020000000000,00.00.0.0,00000,0x020000000000,00.00.0.0,00000,0x020000000000,00.00.0.0,00000,0x020000000000,00.00.0.0,00000,0x020000000000,00.00.0.0,00000,0x020000000000,00.00.0.0,00000,0x020000000000,00.00.0.0,00000,0x020000000000,00.00.0.0,00000,0x020000000000,00.00.0.0,00000,0x020000000000,00.00.0.0,00000,0x020000000000,00.00.0.0,00000
35,0x020000000000,00.00.0.0,00000,0x020000000000,00.00.0.0,00000,0x020000000000,00.00.0.0,00000,0x020000000000,00.00.0.0,00000,0x020000000000,00.00.0.0,00000,0x020000000000,00.00.0.0,00000,0x020000000000,00.00.0.0,00000,0x020000000000,00.00.0.0,00000,0x020000000000,00.00.0.0,00000,0x020000000000,00.00.0.0,00000,0x020000000000,00.00.0.0,00000,0x020000000000,00.00.0.0,00000,0x020000000000,00.00.0.0,00000,0x020000000000,00.00.0.0,00000,0x020000000000,00.00.0.0,00000,0x020000000000,00.00.0.0,00000,0x020000000000,00.00.0.0,00000,0x020000000000,00.00.0.0,00000,0x020000000000,00.00.0.0,00000,0x020000000000,00.00.0.0,00000,0x020000000000,00.00.0.0,00000,0x020000000000,00.00.0.0,00000,0x020000000000,00.00.0.0,00000,0x020000000000,00.00.0.0,00000,0x020000000000,00.00.0.0,00000,0x020000000000,00.00.0.0,00000,0x020000000000,00.00.0.0,00000,0x020000000000,00.00.0.0,00000,0x020000000000,00.00.0.0,00000,0x020000000000,00.00.0.0,00000,0x020000000000,00.00.0.0,00000,0x020000000000,00.00.0.0,00000,0x020000000000,00.00.0.0,00000,0x020000000000,00.00.0.0,00000,0x020000000000,00.00.0.0,00000,0x020000000000,00.00.0.0,00000
36,0x020000000000,00.00.0.0,00000,0x020000000000,00.00.0.0,00000,0x020000000000,00.00.0.0,00000,0x020000000000,00.00.0.0,00000,0x020000000000,00.00.0.0,00000,0x020000000000,00.00.0.0,00000,0x020000000000,00.00.0.0,00000,0x020000000000,00.00.0.0,00000,0x020000000000,00.00.0.0,00000,0x020000000000,00.00.0.0,00000,0x020000000000,00.00.0.0,00000,0x020000000000,00.00.0.0,00000,0x020000000000,00.00.0.0,00000,0x020000000000,00.00.0.0,00000,0x020000000000,00.00.0.0,00000,0x020000000000,00.00.0.0,00000,0x020000000000,00.00.0.0,00000,0x020000000000,00.00.0.0,00000,0x020000000000,00.00.0.0,00000,0x020000000000,00.00.0.0,00000,0x020000000000,00.00.0.0,00000,0x020000000000,00.00.0.0,00000,0x020000000000,00.00.0.0,00000,0x020000000000,00.00.0.0,00000,0x020000000000,00.00.0.0,00000,0x020000000000,00.00.0.0,00000,0x020000000000,00.00.0.0,00000,0x020000000000,00.00.0.0,00000,0x020000000000,00.00.0.0,00000,0x020000000000,00.00.0.0,00000,0x020000000000,00.00.0.0,00000,0x020000000000,00.00.0.0,00000,0x020000000000,00.00.0.0,00000,0x020000000000,00.00.0.0,00000,0x020000000000,00.00.0.0,00000,0x020000000000,00.00.0.0,00000
37,0x020000000000,00.00.0.0,00000,0x020000000000,00.00.0.0,00000,0x020000000000,00.00.0.0,00000,0x020000000000,00.00.0.0,00000,0x020000000000,00.00.0.0,00000,0x020000000000,00.00.0.0,00000,0x020000000000,00.00.0.0,00000,0x020000000000,00.00.0.0,00000,0x020000000000,00.00.0.0,00000,0x020000000000,00.00.0.0,00000,0x020000000000,00.00.0.0,00000,0x020000000000,00.00.0.0,00000,0x020000000000,00.00.0.0,00000,0x020000000000,00.00.0.0,00000,0x020000000000,00.00.0.0,00000,0x020000000000,00.00.0.0,00000,0x020000000000,00.00.0.0,00000,0x020000000000,00.00.0.0,00000,0x020000000000,00.00.0.0,00000,0x020000000000,00.00.0.0,00000,0x020000000000,00.00.0.0,00000,0x020000000000,00.00.0.0,00000,0x020000000000,00.00.0.0,00000,0x020000000000,00.00.0.0,00000,0x020000000000,00.00.0.0,00000,0x020000000000,00.00.0.0,00000,0x020000000000,00.00.0.0,00000,0x020000000000,00.00.0.0,00000,0x020000000000,00.00.0.0,00000,0x020000000000,00.00.0.0,00000,0x020000000000,00.00.0.0,00000,0x020000000000,00.00.0.0,00000,0x020000000000,00.00.0.0,00000,0x020000000000,00.00.0.0,00000,0x020000000000,00.00.0.0,00000,0x020000000000,00.00.0.0,00000
38,0x020000000000,00.00.0.0,00000,0x020000000000,00.00.0.0,00000,0x020000000000,00.00.0.0,00000,0x020000000000,00.00.0.0,00000,0x020000000000,00.00.0.0,00000,0x020000000000,00.00.0.0,00000,0x020000000000,00.00.0.0,00000,0x020000000000,00.00.0.0,00000,0x020000000000,00.00.0.0,00000,0x020000000000,00.00.0.0,00000,0x020000000000,00.00.0.0,00000,0x020000000000,00.00.0.0,00000,0x020000000000,00.00.0.0,00000,0x020000000000,00.00.0.0,00000,0x020000000000,00.00.0.0,00000,0x020000000000,00.00.0.0,00000,0x020000000000,00.00.0.0,00000,0x020000000000,00.00.0.0,00000,0x020000000000,00.00.0.0,00000,0x020000000000,00.00.0.0,00000,0x020000000000,00.00.0.0,00000,0x020000000000,00.00.0.0,00000,0x020000000000,00.00.0.0,00000,0x020000000000,00.00.0.0,00000,0x020000000000,00.00.0.0,00000,0x020000000000,00.00.0.0,00000,0x020000000000,00.00.0.0,00000,0x020000000000,00.00.0.0,00000,0x020000000000,00.00.0.0,00000,0x020000000000,00.00.0.0,00000,0x020000000000,00.00.0.0,00000,0x020000000000,00.00.0.0,00000,0x020000000000,00.00.0.0,00000,0x020000000000,00.00.0.0,00000,0x020000000000,00.00.0.0,00000,0x020000000000,00.00.0.0,00000
39,0x020000000000,00.00.0.0,00000,0x020000000000,00.00.0.0,00000,0x020000000000,00.00.0.0,00000,0x020000000000,00.00.0.0,00000,0x020000000000,00.00.0.0,00000,0x020000000000,00.00.0.0,00000,0x020000000000,00.00.0.0,00000,0x020000000000,00.00.0.0,00000,0x020000000000,00.00.0.0,00000,0x020000000000,00.00.0.0,00000,0x020000000000,00.00.0.0,00000,0x020000000000,00.00.0.0,00000,0x020000000000,00.00.0.0,00000,0x020000000000,00.00.0.0,00000,0x020000000000,00.00.0.0,00000,0x020000000000,00.00.0.0,00000,0x020000000000,00.00.0.0,00000,0x020000000000,00.00.0.0,00000,0x020000000000,00.00.0.0,00000,0x020000000000,00.00.0.0,00000,0x020000000000,00.00.0.0,00000,0x020000000000,00.00.0.0,00000,0x020000000000,00.00.0.0,00000,0x020000000000,00.00.0.0,00000,0x020000000000,00.00.0.0,00000,0x020000000000,00.00.0.0,00000,0x020000000000,00.00.0.0,00000,0x020000000000,00.00.0.0,00000,0x020000000000,00.00.0.0,00000,0x020000000000,00.00.0.0,00000,0x020000000000,00.00.0.0,00000,0x020000000000,00.00.0.0,00000,0x020000000000,00.00.0.0,00000,0x020000000000,00.00.0.0,00000,0x020000000000,00.00.0.0,00000,0x020000000000,00.00.0.0,00000
40,0x020000000000,00.00.0.0,00000,0x020000000000,00.00.0.0,00000,0x020000000000,00.00.0.0,00000,0x020000000000,00.00.0.0,00000,0x020000000000,00.00.0.0,00000,0x020000000000,00.00.0.0,00000,0x020000000000,00.00.0.0,00000,0x020000000000,00.00.0.0,00000,0x020000000000,00.00.0.0,00000,0x020000000000,00.00.0.0,00000,0x020000000000,00.00.0.0,00000,0x020000000000,00.00.0.0,00000,0x020000000000,00.00.0.0,00000,0x020000000000,00.00.0.0,00000,0x020000000000,00.00.0.0,00000,0x020000000000,00.00.0.0,00000,0x020000000000,00.00.0.0,00000,0x020000000000,00.00.0.0,00000,0x020000000000,00.00.0.0,00000,0x020000000000,00.00.0.0,00000,0x020000000000,00.00.0.0,00000,0x020000000000,00.00.0.0,00000,0x020000000000,00.00.0.0,00000,0x020000000000,00.00.0.0,00000,0x020000000000,00.00.0.0,00000,0x020000000000,00.00.0.0,00000,0x020000000000,00.00.0.0,00000,0x020000000000,00.00.0.0,00000,0x020000000000,00.00.0.0,00000,0x020000000000,00.00.0.0,00000,0x020000000000,00.00.0.0,00000,0x020000000000,00.00.0.0,00000,0x020000000000,00.00.0.0,00000,0x020000000000,00.00.0.0,00000,0x020000000000,00.00.0.0,00000,0x020000000000,00.00.0.0,00000
41,0x020000000000,00.00.0.0,00000,0x020000000000,00.00.0.0,00000,0x020000000000,00.00.0.0,00000,0x020000000000,00.00.0.0,00000,0x020000000000,00.00.0.0,00000,0x020000000000,00.00.0.0,00000,0x020000000000,00.00.0.0,00000,0x020000000000,00.00.0.0,00000,0x020000000000,00.00.0.0,00000,0x020000000000,00.00.0.0,00000,0x020000000000,00.00.0.0,00000,0x020000000000,00.00.0.0,00000,0x020000000000,00.00.0.0,00000,0x020000000000,00.00.0.0,00000,0x020000000000,00.00.0.0,00000,0x020000000000,00.00.0.0,00000,0x020000000000,00.00.0.0,00000,0x020000000000,00.00.0.0,00000,0x020000000000,00.00.0.0,00000,0x020000000000,00.00.0.0,00000,0x020000000000,00.00.0.0,00000,0x020000000000,00.00.0.0,00000,0x020000000000,00.00.0.0,00000,0x020000000000,00.00.0.0,00000,0x020000000000,00.00.0.0,00000,0x020000000000,00.00.0.0,00000,0x020000000000,00.00.0.0,00000,0x020000000000,00.00.0.0,00000,0x020000000000,00.00.0.0,00000,0x020000000000,00.00.0.0,00000,0x020000000000,00.00.0.0,00000,0x020000000000,00.00.0.0,00000,0x020000000000,00.00.0.0,00000,0x020000000000,00.00.0.0,00000,0x020000000000,00.00.0.0,00000,0x020000000000,00.00.0.0,00000
42,0x020000000000,00.00.0.0,00000,0x020000000000,00.00.0.0,00000,0x020000000000,00.00.0.0,00000,0x020000000000,00.00.0.0,00000,0x020000000000,00.00.0.0,00000,0x020000000000,00.00.0.0,00000,0x020000000000,00.00.0.0,00000,0x020000000000,00.00.0.0,00000,0x020000000000,00.00.0.0,00000,0x020000000000,00.00.0.0,00000,0x020000000000,00.00.0.0,00000,0x020000000000,00.00.0.0,00000,0x020000000000,00.00.0.0,00000,0x020000000000,00.00.0.0,00000,0x020000000000,00.00.0.0,00000,0x020000000000,00.00.0.0,00000,0x020000000000,00.00.0.0,00000,0x020000000000,00.00.0.0,00000,0x020000000000,00.00.0.0,00000,0x020000000000,00.00.0.0,00000,0x020000000000,00.00.0.0,00000,0x020000000000,00.00.0.0,00000,0x020000000000,00.00.0.0,00000,0x020000000000,00.00.0.0,00000,0x020000000000,00.00.0.0,00000,0x020000000000,00.00.0.0,00000,0x020000000000,00.00.0.0,00000,0x020000000000,00.00.0.0,00000,0x020000000000,00.00.0.0,00000,0x020000000000,00.00.0.0,00000,0x020000000000,00.00.0.0,00000,0x020000000000,00.00.0.0,00000,0x020000000000,00.00.0.0,00000,0x020000000000,00.00.0.0,00000,0x020000000000,00.00.0.0,00000,0x020000000000,00.00.0.0,00000
43,0x020000000000,00.00.0.0,00000,0x020000000000,00.00.0.0,00000,0x020000000000,00.00.0.0,00000,0x020000000000,00.00.0.0,00000,0x020000000000,00.00.0.0,00000,0x020000000000,00.00.0.0,00000,0x020000000000,00.00.0.0,00000,0x020000000000,00.00.0.0,00000,0x020000000000,00.00.0.0,00000,0x020000000000,00.00.0.0,00000,0x020000000000,00.00.0.0,00000,0x020000000000,00.00.0.0,00000,0x020000000000,00.00.0.0,00000,0x020000000000,00.00.0.0,00000,0x020000000000,00.00.0.0,00000,0x020000000000,00.00.0.0,00000,0x020000000000,00.00.0.0,00000,0x020000000000,00.00.0.0,00000,0x020000000000,00.00.0.0,00000,0x020000000000,00.00.0.0,00000,0x020000000000,00.00.0.0,00000,0x020000000000,00.00.0.0,00000,0x020000000000,00.00.0.0,00000,0x020000000000,00.00.0.0,00000,0x020000000000,00.00.0.0,00000,0x020000000000,00.00.0.0,00000,0x020000000000,00.00.0.0,00000,0x020000000000,00.00.0.0,00000,0x020000000000,00.00.0.0,00000,0x020000000000,00.00.0.0,00000,0x020000000000,00.00.0.0,00000,0x020000000000,00.00.0.0,00000,0x020000000000,00.00.0.0,00000,0x020000000000,00.00.0.0,00000,0x020000000000,00.00.0.0,00000,0x020000000000,00.00.0.0,00000
44,0x020000000000,00.00.0.0,00000,0x020000000000,00.00.0.0,00000,0x020000000000,00.00.0.0,00000,0x020000000000,00.00.0.0,00000,0x020000000000,00.00.0.0,00000,0x020000000000,00.00.0.0,00000,0x020000000000,00.00.0.0,00000,0x020000000000,00.00.0.0,00000,0x020000000000,00.00.0.0,00000,0x020000000000,00.00.0.0,00000,0x020000000000,00.00.0.0,00000,0x020000000000,00.00.0.0,00000,0x020000000000,00.00.0.0,00000,0x020000000000,00.00.0.0,00000,0x020000000000,00.00.0.0,00000,0x020000000000,00.00.0.0,00000,0x020000000000,00.00.0.0,00000,0x020000000000,00.00.0.0,00000,0x020000000000,00.00.0.0,00000,0x020000000000,00.00.0.0,00000,0x020000000000,00.00.0.0,00000,0x020000000000,00.00.0.0,00000,0x020000000000,00.00.0.0,00000,0x020000000000,00.00.0.0,00000,0x020000000000,00.00.0.0,00000,0x020000000000,00.00.0.0,00000,0x020000000000,00.00.0.0,00000,0x020000000000,00.00.0.0,00000,0x020000000000,00.00.0.0,00000,0x020000000000,00.00.0.0,00000,0x020000000000,00.00.0.0,00000,0x020000000000,00.00.0.0,00000,0x020000000000,00.00.0.0,00000,0x020000000000,00.00.0.0,00000,0x020000000000,00.00.0.0,00000,0x020000000000,00.00.0.0,00000
45,0x020000000000,00.00.0.0,00000,0x020000000000,00.00.0.0,00000,0x020000000000,00.00.0.0,00000,0x020000000000,00.00.0.0,00000,0x020000000000,00.00.0.0,00000,0x020000000000,00.00.0.0,00000,0x020000000000,00.00.0.0,00000,0x020000000000,00.00.0.0,00000,0x020000000000,00.00.0.0,00000,0x020000000000,00.00.0.0,00000,0x020000000000,00.00.0.0,00000,0x020000000000,00.00.0.0,00000,0x020000000000,00.00.0.0,00000,0x020000000000,00.00.0.0,00000,0x020000000000,00.00.0.0,00000,0x020000000000,00.00.0.0,00000,0x020000000000,00.00.0.0,00000,0x020000000000,00.00.0.0,00000,0x020000000000,00.00.0.0,00000,0x020000000000,00.00.0.0,00000,0x020000000000,00.00.0.0,00000,0x020000000000,00.00.0.0,00000,0x020000000000,00.00.0.0,00000,0x020000000000,00.00.0.0,00000,0x020000000000,00.00.0.0,00000,0x020000000000,00.00.0.0,00000,0x020000000000,00.00.0.0,00000,0x020000000000,00.00.0.0,00000,0x020000000000,00.00.0.0,00000,0x020000000000,00.00.0.0,00000,0x020000000000,00.00.0.0,00000,0x020000000000,00.00.0.0,00000,0x020000000000,00.00.0.0,00000,0x020000000000,00.00.0.0,00000,0x020000000000,00.00.0.0,00000,0x020000000000,00.00.0.0,00000
46,0x020000000000,00.00.0.0,00000,0x020000000000,00.00.0.0,00000,0x020000000000,00.00.0.0,00000,0x020000000000,00.00.0.0,00000,0x020000000000,00.00.0.0,00000,0x020000000000,00.00.0.0,00000,0x020000000000,00.00.0.0,00000,0x020000000000,00.00.0.0,00000,0x020000000000,00.00.0.0,00000,0x020000000000,00.00.0.0,00000,0x020000000000,00.00.0.0,00000,0x020000000000,00.00.0.0,00000,0x020000000000,00.00.0.0,00000,0x020000000000,00.00.0.0,00000,0x020000000000,00.00.0.0,00000,0x020000000000,00.00.0.0,00000,0x020000000000,00.00.0.0,00000,0x020000000000,00.00.0.0,00000,0x020000000000,00.00.0.0,00000,0x020000000000,00.00.0.0,00000,0x020000000000,00.00.0.0,00000,0x020000000000,00.00.0.0,00000,0x020000000000,00.00.0.0,00000,0x020000000000,00.00.0.0,00000,0x020000000000,00.00.0.0,00000,0x020000000000,00.00.0.0,00000,0x020000000000,00.00.0.0,00000,0x020000000000,00.00.0.0,00000,0x020000000000,00.00.0.0,00000,0x020000000000,00.00.0.0,00000,0x020000000000,00.00.0.0,00000,0x020000000000,00.00.0.0,00000,0x020000000000,00.00.0.0,00000,0x020000000000,00.00.0.0,00000,0x020000000000,00.00.0.0,00000,0x020000000000,00.00.0.0,00000
47,0x020000000000,00.00.0.0,00000,0x020000000000,00.00.0.0,00000,0x020000000000,00.00.0.0,00000,0x020000000000,00.00.0.0,00000,0x020000000000,00.00.0.0,00000,0x020000000000,00.00.0.0,00000,0x020000000000,00.00.0.0,00000,0x020000000000,00.00.0.0,00000,0x020000000000,00.00.0.0,00000,0x020000000000,00.00.0.0,00000,0x020000000000,00.00.0.0,00000,0x020000000000,00.00.0.0,00000,0x020000000000,00.00.0.0,00000,0x020000000000,00.00.0.0,00000,0x020000000000,00.00.0.0,00000,0x020000000000,00.00.0.0,00000,0x020000000000,00.00.0.0,00000,0x020000000000,00.00.0.0,00000,0x020000000000,00.00.0.0,00000,0x020000000000,00.00.0.0,00000,0x020000000000,00.00.0.0,00000,0x020000000000,00.00.0.0,00000,0x020000000000,00.00.0.0,00000,0x020000000000,00.00.0.0,00000,0x020000000000,00.00.0.0,00000,0x020000000000,00.00.0.0,00000,0x020000000000,00.00.0.0,00000,0x020000000000,00.00.0.0,00000,0x020000000000,00.00.0.0,00000,0x020000000000,00.00.0.0,00000,0x020000000000,00.00.0.0,00000,0x020000000000,00.00.0.0,00000,0x020000000000,00.00.0.0,00000,0x020000000000,00.00.0.0,00000,0x020000000000,00.00.0.0,00000,0x020000000000,00.00.0.0,00000
